<odoo>  
    <data> 
<!-- ini tuh cuma sekali pake, kalo udah masuk di setting > user & companies > group, yaudah di delete-->
    <record id="module_category_tl_ms_expense" model="ir.module.category">
        <field name="name">TL Master expense</field>
    </record>
  
     <record id="group_tl_ms_expense_read" model="res.groups">
        <field name="name">ms Exp Read</field>
        <field name="category_id" ref="module_category_tl_ms_expense"/>
    </record>

    <record id="group_tl_ms_expense_create" model="res.groups">
        <field name="name">ms Exp Create</field>
        <field name="category_id" ref="module_category_tl_ms_expense"/>
        <field name="implied_ids" eval="[(4, ref('group_tl_ms_expense_read'))]"/>
    </record>

    <record id="group_tl_ms_expense_update" model="res.groups">
        <field name="name">ms Exp Update</field>
        <field name="category_id" ref="module_category_tl_ms_expense"/>
        <field name="implied_ids" eval="[(4, ref('group_tl_ms_expense_create'))]"/>
    </record>
 
    <record id="group_tl_ms_expense_delete" model="res.groups">
        <field name="name">ms Exp Delete</field>
        <field name="category_id" ref="module_category_tl_ms_expense"/>
        <field name="implied_ids" eval="[(4, ref('group_tl_ms_expense_update'))]"/>
        <field name="users" eval="[(4, ref('base.user_root')), (4, ref('base.user_admin'))]"/>
    </record>
    </data>
</odoo>

