<odoo>  
    <data> 
<!-- ini tuh cuma sekali pake, kalo udah masuk di setting > user & companies > group, yaudah di delete-->
    <record id="module_category_tl_ms_customerlocation" model="ir.module.category">
        <field name="name">TL Master Customer Location</field>
    </record>

    <record id="group_tl_ms_customerlocation_read" model="res.groups">
        <field name="name">Ms Cust Loc Read</field>
        <field name="category_id" ref="module_category_tl_ms_customerlocation"/>
    </record>

    <record id="group_tl_ms_customerlocation_create" model="res.groups">
        <field name="name">Ms Cust Loc Create</field>
        <field name="category_id" ref="module_category_tl_ms_customerlocation"/>
        <field name="implied_ids" eval="[(4, ref('group_tl_ms_customerlocation_read'))]"/>
    </record>

    <record id="group_tl_ms_customerlocation_update" model="res.groups">
        <field name="name">Ms Cust Loc Update</field>
        <field name="category_id" ref="module_category_tl_ms_customerlocation"/>
        <field name="implied_ids" eval="[(4, ref('group_tl_ms_customerlocation_create'))]"/>
    </record>
 
    <record id="group_tl_ms_customerlocation_delete" model="res.groups">
        <field name="name">Ms Cust Loc Delete</field>
        <field name="category_id" ref="module_category_tl_ms_customerlocation"/>
        <field name="implied_ids" eval="[(4, ref('group_tl_ms_customerlocation_update'))]"/>
        <field name="users" eval="[(4, ref('base.user_root')), (4, ref('base.user_admin'))]"/>
    </record> 
    </data> 
</odoo>