 <odoo>  
    <data>  
        <record id="module_category_tl_ms_customer" model="ir.module.category">
            <field name="name">TL Master Customer</field>
        </record> 
        <record id="group_tl_ms_customer_read" model="res.groups">
            <field name="name">Ms Cust Read</field>
            <field name="category_id" ref="module_category_tl_ms_customer"/>
        </record>
        <record id="group_tl_ms_customer_create" model="res.groups">
            <field name="name">Ms Cust Create</field>
            <field name="category_id" ref="module_category_tl_ms_customer"/>
            <field name="implied_ids" eval="[(4, ref('group_tl_ms_customer_read'))]"/>
        </record> 
        <record id="group_tl_ms_customer_update" model="res.groups">
            <field name="name">Ms Cust Update</field>
            <field name="category_id" ref="module_category_tl_ms_customer"/>
            <field name="implied_ids" eval="[(4, ref('group_tl_ms_customer_create'))]"/>
        </record> 
        <record id="group_tl_ms_customer_delete" model="res.groups">
            <field name="name">Ms Cust Delete</field>
            <field name="category_id" ref="module_category_tl_ms_customer"/>
            <field name="implied_ids" eval="[(4, ref('group_tl_ms_customer_update'))]"/>
            <field name="users" eval="[(4, ref('base.user_root')), (4, ref('base.user_admin'))]"/>
        </record> 
    </data>
</odoo>  