<odoo>  
    <data> 
<!-- ini tuh cuma sekali pake, kalo udah masuk di setting > user & companies > group, yaudah di delete-->
    <record id="module_category_tl_ms_user" model="ir.module.category">
        <field name="name">TL Master user</field>
    </record>
  
     <record id="group_tl_ms_user_read" model="res.groups">
        <field name="name">ms user Read</field>
        <field name="category_id" ref="module_category_tl_ms_user"/>
    </record>

    <record id="group_tl_ms_user_create" model="res.groups">
        <field name="name">ms user Create</field>
        <field name="category_id" ref="module_category_tl_ms_user"/>
        <field name="implied_ids" eval="[(4, ref('group_tl_ms_user_read'))]"/>
    </record>

    <record id="group_tl_ms_user_update" model="res.groups">
        <field name="name">ms user Update</field>
        <field name="category_id" ref="module_category_tl_ms_user"/>
        <field name="implied_ids" eval="[(4, ref('group_tl_ms_user_create'))]"/>
    </record>
 
    <record id="group_tl_ms_user_delete" model="res.groups">
        <field name="name">ms user Delete</field>
        <field name="category_id" ref="module_category_tl_ms_user"/>
        <field name="implied_ids" eval="[(4, ref('group_tl_ms_user_update'))]"/>
        <field name="users" eval="[(4, ref('base.user_root')), (4, ref('base.user_admin'))]"/>
    </record>
    </data>
</odoo>

