<odoo>  
    <data> 
<!-- ini tuh cuma sekali pake, kalo udah masuk di setting > user & companies > group, yaudah di delete-->
    <record id="module_category_tl_ms_people" model="ir.module.category">
        <field name="name">TL Master people</field>
    </record>
  
     <record id="group_tl_ms_people_read" model="res.groups">
        <field name="name">ms peo Read</field>
        <field name="category_id" ref="module_category_tl_ms_people"/>
    </record>

    <record id="group_tl_ms_people_create" model="res.groups">
        <field name="name">ms peo Create</field>
        <field name="category_id" ref="module_category_tl_ms_people"/>
        <field name="implied_ids" eval="[(4, ref('group_tl_ms_people_read'))]"/>
    </record>

    <record id="group_tl_ms_people_update" model="res.groups">
        <field name="name">ms peo Update</field>
        <field name="category_id" ref="module_category_tl_ms_people"/>
        <field name="implied_ids" eval="[(4, ref('group_tl_ms_people_create'))]"/>
    </record>
 
    <record id="group_tl_ms_people_delete" model="res.groups">
        <field name="name">ms peo Delete</field>
        <field name="category_id" ref="module_category_tl_ms_people"/>
        <field name="implied_ids" eval="[(4, ref('group_tl_ms_people_update'))]"/>
        <field name="users" eval="[(4, ref('base.user_root')), (4, ref('base.user_admin'))]"/>
    </record>
    </data>
</odoo>

