<odoo>  
    <data> 
<!-- ini tuh cuma sekali pake, kalo udah masuk di setting > user & companies > group, yaudah di delete-->
    <record id="module_category_tl_ms_productbrandcategory" model="ir.module.category">
        <field name="name">TL Master productbrandcategory</field>
    </record>
  
     <record id="group_tl_ms_productbrandcategory_read" model="res.groups">
        <field name="name">ms pbc Read</field>
        <field name="category_id" ref="module_category_tl_ms_productbrandcategory"/>
    </record>

    <record id="group_tl_ms_productbrandcategory_create" model="res.groups">
        <field name="name">ms pbc Create</field>
        <field name="category_id" ref="module_category_tl_ms_productbrandcategory"/>
        <field name="implied_ids" eval="[(4, ref('group_tl_ms_productbrandcategory_read'))]"/>
    </record>

    <record id="group_tl_ms_productbrandcategory_update" model="res.groups">
        <field name="name">ms pbc Update</field>
        <field name="category_id" ref="module_category_tl_ms_productbrandcategory"/>
        <field name="implied_ids" eval="[(4, ref('group_tl_ms_productbrandcategory_create'))]"/>
    </record>
 
    <record id="group_tl_ms_productbrandcategory_delete" model="res.groups">
        <field name="name">ms pbc Delete</field>
        <field name="category_id" ref="module_category_tl_ms_productbrandcategory"/>
        <field name="implied_ids" eval="[(4, ref('group_tl_ms_productbrandcategory_update'))]"/>
        <field name="users" eval="[(4, ref('base.user_root')), (4, ref('base.user_admin'))]"/>
    </record>
    </data>
</odoo>

