<odoo>  
    <data> 
<!-- ini tuh cuma sekali pake, kalo udah masuk di setting > user & companies > group, yaudah di delete-->
    <record id="module_category_tl_ms_productbrand" model="ir.module.category">
        <field name="name">TL Master productbrand</field>
    </record>
  
     <record id="group_tl_ms_productbrand_read" model="res.groups">
        <field name="name">ms PB Read</field>
        <field name="category_id" ref="module_category_tl_ms_productbrand"/>
    </record>

    <record id="group_tl_ms_productbrand_create" model="res.groups">
        <field name="name">ms PB Create</field>
        <field name="category_id" ref="module_category_tl_ms_productbrand"/>
        <field name="implied_ids" eval="[(4, ref('group_tl_ms_productbrand_read'))]"/>
    </record>

    <record id="group_tl_ms_productbrand_update" model="res.groups">
        <field name="name">ms PB Update</field>
        <field name="category_id" ref="module_category_tl_ms_productbrand"/>
        <field name="implied_ids" eval="[(4, ref('group_tl_ms_productbrand_create'))]"/>
    </record>
 
    <record id="group_tl_ms_productbrand_delete" model="res.groups">
        <field name="name">ms PB Delete</field>
        <field name="category_id" ref="module_category_tl_ms_productbrand"/>
        <field name="implied_ids" eval="[(4, ref('group_tl_ms_productbrand_update'))]"/>
        <field name="users" eval="[(4, ref('base.user_root')), (4, ref('base.user_admin'))]"/>
    </record>
    </data>
</odoo>

