 
<!-- 
<odoo>
    <record id="group_tl_read" model="res.groups">
        <field name="name">Master expense / Read</field>
        <field name="category_id" ref="module_category_tlsystem"/>
    </record>

    <record id="group_tl_create" model="res.groups">
        <field name="name">Master expense / Create</field>
        <field name="category_id" ref="module_category_tlsystem"/>
        <field name="implied_ids" eval="[(4, ref('group_tl_read'))]"/>
    </record>

    <record id="group_tl_update" model="res.groups">
        <field name="name">Master expense / Update</field>
        <field name="category_id" ref="module_category_tlsystem"/>
        <field name="implied_ids" eval="[(4, ref('group_tl_create'))]"/>
    </record>
 
    <record id="group_tl_delete" model="res.groups">
        <field name="name">Master expense / Delete</field>
        <field name="category_id" ref="module_category_tlsystem"/>
        <field name="implied_ids" eval="[(4, ref('group_tl_update'))]"/>
        <field name="users" eval="[(4, ref('base.user_root')), (4, ref('base.user_admin'))]"/>
    </record>
    
    
     <record id="group_tl_read" model="res.groups">
        <field name="name">Master Person / Read</field>
        <field name="category_id" ref="module_category_tlsystem"/>
    </record>

    <record id="group_tl_create" model="res.groups">
        <field name="name">Master Person / Create</field>
        <field name="category_id" ref="module_category_tlsystem"/>
        <field name="implied_ids" eval="[(4, ref('group_tl_read'))]"/>
    </record>

    <record id="group_tl_update" model="res.groups">
        <field name="name">Master Person / Update</field>
        <field name="category_id" ref="module_category_tlsystem"/>
        <field name="implied_ids" eval="[(4, ref('group_tl_create'))]"/>
    </record>
 
    <record id="group_tl_delete" model="res.groups">
        <field name="name">Master Person / Delete</field>
        <field name="category_id" ref="module_category_tlsystem"/>
        <field name="implied_ids" eval="[(4, ref('group_tl_update'))]"/>
        <field name="users" eval="[(4, ref('base.user_root')), (4, ref('base.user_admin'))]"/>
    </record> 

</odoo>-->